"species","d"
"Smithornis_capensis",3
"Smithornis_sharpei",3
"Smithornis_rufolateralis",3
"Calyptomena_viridis",2
"Calyptomena_hosii",2
"Calyptomena_whiteheadi",2
"Cymbirhynchus_macrorhynchos",3
"Psarisomus_dalhousiae",3
"Serilophus_lunatus",3
"Eurylaimus_javanicus",3
"Eurylaimus_ochromalus",3
"Eurylaimus_steerii",3
"Eurylaimus_samarensis",3
"Corydon_sumatranus",3
"Pseudocalyptomena_graueri",3
"Sapayoa_aenigma",2
"Philepitta_castanea",1
"Philepitta_schlegeli",1
"Neodrepanis_coruscans",3
"Neodrepanis_hypoxantha",3
"Pitta_phayrei",3
"Pitta_nipalensis",3
"Pitta_soror",3
"Pitta_oatesi",3
"Pitta_caerulea",3
"Pitta_cyanea",3
"Pitta_elliotii",3
"Pitta_guajana",3
"Pitta_gurneyi",3
"Pitta_kochi",3
"Pitta_erythrogaster",3
"Pitta_arcuata",3
"Pitta_granatina",3
"Pitta_venusta",3
"Pitta_ussheri",3
"Pitta_baudii",3
"Pitta_sordida",2
"Pitta_maxima",3
"Pitta_steerii",3
"Pitta_superba",3
"Pitta_angolensis",3
"Pitta_reichenowi",3
"Pitta_brachyura",2
"Pitta_moluccensis",3
"Pitta_megarhyncha",3
"Pitta_elegans",3
"Pitta_iris",3
"Pitta_versicolor",3
"Pitta_anerythra",3
"Geositta_poeciloptera",2
"Geositta_cunicularia",2
"Geositta_punensis",2
"Geositta_antarctica",2
"Geositta_tenuirostris",2
"Geositta_maritima",2
"Geositta_peruviana",2
"Geositta_saxicolina",2
"Geositta_rufipennis",2
"Geositta_isabellina",2
"Geositta_crassirostris",2
"Ochetorhynchus_ruficaudus",3
"Ochetorhynchus_andaecola",3
"Ochetorhynchus_phoenicurus",3
"Ochetorhynchus_melanura",3
"Upucerthia_validirostris",3
"Upucerthia_albigula",3
"Upucerthia_dumetaria",3
"Upucerthia_serrana",3
"Tarphonomus_harterti",3
"Tarphonomus_certhioides",3
"Cinclodes_excelsior",3
"Cinclodes_aricomae",3
"Cinclodes_fuscus",3
"Cinclodes_comechingonus",2
"Cinclodes_pabsti",3
"Cinclodes_oustaleti",3
"Cinclodes_patagonicus",3
"Cinclodes_antarcticus",3
"Cinclodes_taczanowskii",2
"Cinclodes_nigrofumosus",2
"Cinclodes_atacamensis",3
"Cinclodes_palliatus",3
"Furnarius_minor",3
"Furnarius_figulus",3
"Furnarius_leucopus",3
"Furnarius_torridus",3
"Furnarius_rufus",3
"Furnarius_cristatus",3
"Sylviorthorhynchus_desmursii",3
"Aphrastura_spinicauda",3
"Aphrastura_masafuerae",3
"Leptasthenura_fuliginiceps",3
"Leptasthenura_yanacensis",3
"Leptasthenura_platensis",3
"Leptasthenura_aegithaloides",3
"Leptasthenura_striolata",3
"Leptasthenura_pileata",3
"Leptasthenura_xenothorax",3
"Leptasthenura_striata",3
"Leptasthenura_andicola",3
"Leptasthenura_setaria",3
"Schizoeaca_perijana",3
"Schizoeaca_fuliginosa",3
"Schizoeaca_vilcabambae",3
"Schizoeaca_coryi",3
"Schizoeaca_griseomurina",3
"Schizoeaca_palpebralis",3
"Schizoeaca_helleri",3
"Schizoeaca_harterti",3
"Oreophylax_moreirae",3
"Asthenes_pyrrholeuca",2
"Asthenes_baeri",3
"Asthenes_humicola",2
"Asthenes_patagonica",2
"Asthenes_pudibunda",3
"Asthenes_ottonis",3
"Asthenes_heterura",3
"Asthenes_modesta",3
"Asthenes_cactorum",3
"Asthenes_humilis",2
"Asthenes_arequipae",3
"Asthenes_berlepschi",3
"Asthenes_steinbachi",3
"Asthenes_luizae",3
"Asthenes_wyatti",3
"Asthenes_sclateri",3
"Asthenes_anthoides",3
"Asthenes_hudsoni",3
"Asthenes_urubambensis",3
"Asthenes_flammulata",3
"Asthenes_virgata",3
"Asthenes_maculicauda",3
"Schoeniophylax_phryganophilus",3
"Synallaxis_candei",3
"Synallaxis_kollari",3
"Synallaxis_scutata",3
"Synallaxis_unirufa",3
"Synallaxis_castanea",3
"Synallaxis_fuscorufa",3
"Synallaxis_ruficapilla",3
"Synallaxis_whitneyi",3
"Synallaxis_infuscata",3
"Synallaxis_cinnamomea",3
"Synallaxis_cinerascens",3
"Synallaxis_subpudica",3
"Synallaxis_frontalis",3
"Synallaxis_azarae",3
"Synallaxis_courseni",3
"Synallaxis_albescens",3
"Synallaxis_albigularis",3
"Synallaxis_hypospodia",3
"Synallaxis_spixi",3
"Synallaxis_rutilans",3
"Synallaxis_cherriei",3
"Synallaxis_erythrothorax",3
"Synallaxis_brachyura",3
"Synallaxis_tithys",3
"Synallaxis_propinqua",3
"Synallaxis_macconnelli",3
"Synallaxis_moesta",3
"Synallaxis_cabanisi",3
"Synallaxis_gujanensis",3
"Synallaxis_maranonica",3
"Synallaxis_albilora",3
"Synallaxis_zimmeri",3
"Synallaxis_stictothorax",3
"Siptornopsis_hypochondriaca",3
"Gyalophylax_hellmayri",3
"Hellmayrea_gularis",3
"Cranioleuca_marcapatae",3
"Cranioleuca_albiceps",3
"Cranioleuca_vulpina",3
"Cranioleuca_dissita",3
"Cranioleuca_sulphurifera",3
"Cranioleuca_subcristata",3
"Cranioleuca_pyrrhophia",3
"Cranioleuca_henricae",3
"Cranioleuca_obsoleta",3
"Cranioleuca_pallida",3
"Cranioleuca_semicinerea",3
"Cranioleuca_albicapilla",3
"Cranioleuca_erythrops",3
"Cranioleuca_demissa",3
"Cranioleuca_hellmayri",3
"Cranioleuca_curtata",3
"Cranioleuca_antisiensis",3
"Cranioleuca_baroni",3
"Cranioleuca_gutturata",3
"Cranioleuca_muelleri",3
"Certhiaxis_cinnamomeus",3
"Certhiaxis_mustelinus",3
"Thripophaga_macroura",3
"Thripophaga_fusciceps",3
"Thripophaga_berlepschi",3
"Phacellodomus_rufifrons",3
"Phacellodomus_sibilatrix",3
"Phacellodomus_striaticeps",3
"Phacellodomus_striaticollis",3
"Phacellodomus_maculipectus",3
"Phacellodomus_dorsalis",3
"Phacellodomus_ruber",3
"Phacellodomus_erythrophthalmus",3
"Clibanornis_dendrocolaptoides",3
"Spartonoica_maluroides",2
"Phleocryptes_melanops",2
"Limnornis_curvirostris",3
"Limnoctites_rectirostris",3
"Anumbius_annumbi",3
"Coryphistera_alaudina",3
"Siptornis_striaticollis",2
"Metopothrix_aurantiaca",3
"Xenerpestes_minlosi",3
"Xenerpestes_singularis",3
"Premnornis_guttuligera",3
"Premnoplex_brunnescens",3
"Premnoplex_tatei",3
"Roraimia_adusta",3
"Margarornis_rubiginosus",3
"Margarornis_bellulus",3
"Margarornis_squamiger",3
"Pseudoseisura_cristata",3
"Pseudoseisura_lophotes",3
"Pseudoseisura_gutturalis",3
"Pseudocolaptes_johnsoni",3
"Pseudocolaptes_boissonneautii",3
"Berlepschia_rikeri",3
"Anabacerthia_variegaticeps",3
"Anabacerthia_striaticollis",3
"Anabacerthia_amaurotis",3
"Syndactyla_guttulata",3
"Syndactyla_subalaris",3
"Syndactyla_rufosuperciliata",3
"Syndactyla_ruficollis",3
"Syndactyla_dimidiata",3
"Simoxenops_ucayalae",3
"Simoxenops_striatus",3
"Ancistrops_strigilatus",3
"Hyloctistes_subulatus",3
"Philydor_ruficaudatum",3
"Philydor_fuscipenne",3
"Philydor_erythrocercum",3
"Philydor_erythropterum",3
"Philydor_lichtensteini",3
"Philydor_atricapillus",3
"Philydor_rufum",3
"Philydor_pyrrhodes",3
"Anabazenops_dorsalis",3
"Anabazenops_fuscus",3
"Cichlocolaptes_leucophrus",3
"Thripadectes_ignobilis",3
"Thripadectes_rufobrunneus",3
"Thripadectes_melanorhynchus",3
"Thripadectes_holostictus",3
"Thripadectes_virgaticeps",3
"Thripadectes_flammulatus",3
"Thripadectes_scrutator",3
"Automolus_ochrolaemus",3
"Automolus_infuscatus",3
"Automolus_leucophthalmus",3
"Automolus_melanopezus",3
"Syndactyla_roraimae",3
"Automolus_rubiginosus",3
"Automolus_rufipileatus",3
"Hylocryptus_erythrocephalus",3
"Hylocryptus_rectirostris",3
"Sclerurus_mexicanus",3
"Sclerurus_rufigularis",3
"Sclerurus_albigularis",3
"Sclerurus_caudacutus",3
"Sclerurus_scansor",3
"Sclerurus_guatemalensis",3
"Lochmias_nematura",3
"Heliobletus_contaminatus",3
"Xenops_milleri",3
"Xenops_tenuirostris",3
"Xenops_minutus",3
"Xenops_rutilans",3
"Megaxenops_parnaguae",3
"Pygarrhichas_albogularis",2
"Dendrocincla_tyrannina",2
"Dendrocincla_fuliginosa",2
"Dendrocincla_turdina",2
"Dendrocincla_anabatina",2
"Dendrocincla_merula",2
"Dendrocincla_homochroa",2
"Deconychura_longicauda",2
"Deconychura_stictolaema",2
"Sittasomus_griseicapillus",2
"Glyphorynchus_spirurus",2
"Drymornis_bridgesii",3
"Nasica_longirostris",3
"Dendrexetastes_rufigula",3
"Hylexetastes_brigidai",3
"Hylexetastes_stresemanni",3
"Xiphocolaptes_promeropirhynchus",3
"Xiphocolaptes_albicollis",3
"Xiphocolaptes_falcirostris",3
"Xiphocolaptes_major",3
"Dendrocolaptes_certhia",2
"Dendrocolaptes_hoffmannsi",2
"Dendrocolaptes_picumnus",2
"Dendrocolaptes_platyrostris",2
"Dendroplex_picus",2
"Dendroplex_kienerii",2
"Xiphorhynchus_obsoletus",3
"Xiphorhynchus_fuscus",3
"Xiphorhynchus_ocellatus",3
"Xiphorhynchus_spixii",3
"Xiphorhynchus_pardalotus",3
"Xiphorhynchus_guttatus",2
"Xiphorhynchus_susurrans",2
"Xiphorhynchus_flavigaster",2
"Xiphorhynchus_lachrymosus",2
"Xiphorhynchus_erythropygius",2
"Xiphorhynchus_triangularis",2
"Lepidocolaptes_leucogaster",3
"Lepidocolaptes_souleyetii",3
"Lepidocolaptes_angustirostris",3
"Lepidocolaptes_affinis",3
"Lepidocolaptes_lacrymiger",3
"Lepidocolaptes_squamatus",3
"Lepidocolaptes_albolineatus",3
"Campylorhamphus_pucherani",2
"Campylorhamphus_trochilirostris",2
"Campylorhamphus_falcularius",2
"Campylorhamphus_pusillus",2
"Campylorhamphus_procurvoides",2
"Cymbilaimus_lineatus",3
"Cymbilaimus_sanctaemariae",3
"Hypoedaleus_guttatus",3
"Batara_cinerea",3
"Mackenziaena_leachii",3
"Mackenziaena_severa",3
"Frederickena_viridis",3
"Frederickena_unduligera",3
"Taraba_major",3
"Sakesphorus_canadensis",3
"Sakesphorus_cristatus",3
"Sakesphorus_luctuosus",3
"Biatas_nigropectus",3
"Sakesphorus_bernardi",3
"Sakesphorus_melanonotus",3
"Sakesphorus_melanothorax",3
"Thamnophilus_doliatus",3
"Thamnophilus_zarumae",3
"Thamnophilus_multistriatus",3
"Thamnophilus_tenuepunctatus",3
"Thamnophilus_palliatus",3
"Thamnophilus_bridgesi",3
"Thamnophilus_nigriceps",3
"Thamnophilus_praecox",3
"Thamnophilus_nigrocinereus",3
"Thamnophilus_cryptoleucus",3
"Thamnophilus_aethiops",3
"Thamnophilus_unicolor",3
"Thamnophilus_schistaceus",3
"Thamnophilus_murinus",3
"Thamnophilus_aroyae",3
"Thamnophilus_atrinucha",3
"Thamnophilus_punctatus",3
"Thamnophilus_amazonicus",3
"Thamnophilus_insignis",3
"Thamnophilus_caerulescens",3
"Thamnophilus_torquatus",3
"Thamnophilus_ruficapillus",3
"Megastictus_margaritatus",3
"Neoctantes_niger",3
"Clytoctantes_alixii",3
"Clytoctantes_atrogularis",3
"Xenornis_setifrons",3
"Thamnistes_anabatinus",3
"Dysithamnus_stictothorax",3
"Dysithamnus_mentalis",3
"Dysithamnus_striaticeps",3
"Dysithamnus_puncticeps",3
"Dysithamnus_xanthopterus",3
"Dysithamnus_occidentalis",3
"Dysithamnus_plumbeus",3
"Dysithamnus_leucostictus",3
"Thamnomanes_ardesiacus",3
"Thamnomanes_saturninus",3
"Thamnomanes_caesius",3
"Thamnomanes_schistogynus",3
"Pygiptila_stellaris",3
"Epinecrophylla_fulviventris",3
"Myrmotherula_gutturalis",3
"Epinecrophylla_leucophthalma",3
"Epinecrophylla_haematonota",3
"Epinecrophylla_spodionota",3
"Epinecrophylla_ornata",3
"Epinecrophylla_erythrura",3
"Myrmotherula_brachyura",3
"Myrmotherula_surinamensis",3
"Myrmotherula_cherriei",3
"Myrmotherula_klagesi",3
"Myrmotherula_longicauda",3
"Myrmotherula_ambigua",3
"Myrmotherula_sclateri",3
"Myrmotherula_hauxwelli",3
"Myrmotherula_guttata",3
"Myrmotherula_gularis",3
"Myrmotherula_axillaris",3
"Myrmotherula_schisticolor",3
"Myrmotherula_sunensis",3
"Myrmotherula_minor",3
"Myrmotherula_longipennis",3
"Myrmotherula_urosticta",3
"Myrmotherula_iheringi",3
"Myrmotherula_fluminensis",3
"Myrmotherula_grisea",3
"Myrmotherula_unicolor",3
"Myrmotherula_snowi",3
"Myrmotherula_behni",3
"Myrmotherula_menetriesii",3
"Myrmotherula_assimilis",3
"Dichrozona_cincta",3
"Myrmorchilus_strigilatus",3
"Herpsilochmus_pileatus",3
"Herpsilochmus_atricapillus",3
"Herpsilochmus_motacilloides",3
"Herpsilochmus_parkeri",3
"Herpsilochmus_sticturus",3
"Herpsilochmus_dugandi",3
"Herpsilochmus_stictocephalus",3
"Herpsilochmus_dorsimaculatus",3
"Herpsilochmus_roraimae",3
"Herpsilochmus_pectoralis",3
"Herpsilochmus_longirostris",3
"Herpsilochmus_axillaris",3
"Herpsilochmus_rufimarginatus",3
"Microrhopias_quixensis",3
"Formicivora_iheringi",3
"Formicivora_erythronotos",3
"Formicivora_grisea",3
"Formicivora_serrana",3
"Formicivora_littoralis",3
"Formicivora_melanogaster",3
"Formicivora_rufa",3
"Stymphalornis_acutirostris",3
"Drymophila_ferruginea",3
"Drymophila_rubricollis",3
"Drymophila_genei",3
"Drymophila_ochropyga",3
"Drymophila_malura",3
"Drymophila_squamata",3
"Drymophila_devillei",3
"Drymophila_caudata",3
"Terenura_maculata",3
"Terenura_callinota",3
"Terenura_humeralis",3
"Terenura_sharpei",3
"Terenura_spodioptila",3
"Cercomacra_cinerascens",3
"Cercomacra_brasiliana",3
"Cercomacra_tyrannina",3
"Cercomacra_nigrescens",3
"Cercomacra_serva",3
"Cercomacra_nigricans",3
"Cercomacra_carbonaria",3
"Cercomacra_melanaria",3
"Cercomacra_manu",3
"Cercomacra_ferdinandi",3
"Pyriglena_leuconota",3
"Pyriglena_atra",3
"Pyriglena_leucoptera",3
"Rhopornis_ardesiacus",3
"Myrmoborus_leucophrys",3
"Myrmoborus_lugubris",3
"Myrmoborus_myotherinus",3
"Myrmoborus_melanurus",3
"Hypocnemis_cantator",3
"Hypocnemis_hypoxantha",3
"Hypocnemoides_melanopogon",3
"Hypocnemoides_maculicauda",3
"Myrmochanes_hemileucus",3
"Gymnocichla_nudiceps",3
"Sclateria_naevia",3
"Percnostola_rufifrons",3
"Percnostola_lophotes",3
"Schistocichla_schistacea",3
"Schistocichla_leucostigma",3
"Schistocichla_caurensis",3
"Myrmeciza_disjuncta",3
"Myrmeciza_longipes",3
"Myrmeciza_exsul",3
"Myrmeciza_ferruginea",3
"Myrmeciza_ruficauda",3
"Myrmeciza_loricata",3
"Myrmeciza_squamosa",3
"Myrmeciza_laemosticta",3
"Myrmeciza_nigricauda",3
"Myrmeciza_berlepschi",3
"Myrmeciza_pelzelni",3
"Myrmeciza_hemimelaena",3
"Myrmeciza_atrothorax",3
"Myrmeciza_melanoceps",3
"Myrmeciza_goeldii",3
"Myrmeciza_hyperythra",3
"Myrmeciza_fortis",3
"Myrmeciza_immaculata",3
"Myrmeciza_griseiceps",3
"Myrmornis_torquata",3
"Pithys_albifrons",3
"Pithys_castaneus",3
"Gymnopithys_leucaspis",3
"Gymnopithys_rufigula",3
"Gymnopithys_salvini",3
"Gymnopithys_lunulatus",3
"Rhegmatorhina_gymnops",3
"Rhegmatorhina_berlepschi",3
"Rhegmatorhina_hoffmannsi",3
"Rhegmatorhina_cristata",3
"Rhegmatorhina_melanosticta",3
"Hylophylax_naevioides",3
"Hylophylax_naevius",3
"Hylophylax_punctulatus",3
"Willisornis_poecilinotus",3
"Phlegopsis_nigromaculata",3
"Phlegopsis_erythroptera",3
"Skutchia_borbae",3
"Phaenostictus_mcleannani",3
"Formicarius_colma",3
"Formicarius_analis",3
"Formicarius_rufifrons",3
"Formicarius_nigricapillus",3
"Formicarius_rufipectus",3
"Chamaeza_campanisona",3
"Chamaeza_nobilis",3
"Chamaeza_meruloides",3
"Chamaeza_ruficauda",3
"Chamaeza_turdina",3
"Chamaeza_mollissima",3
"Grallaria_squamigera",3
"Grallaria_gigantea",3
"Grallaria_excelsa",3
"Grallaria_varia",3
"Grallaria_alleni",3
"Grallaria_guatimalensis",3
"Grallaria_chthonia",3
"Grallaria_haplonota",3
"Grallaria_dignissima",3
"Grallaria_eludens",3
"Grallaria_ruficapilla",3
"Grallaria_watkinsi",3
"Grallaria_bangsi",3
"Grallaria_kaestneri",3
"Grallaria_andicolus",3
"Grallaria_griseonucha",3
"Grallaria_rufocinerea",3
"Grallaria_nuchalis",3
"Grallaria_carrikeri",3
"Grallaria_albigula",3
"Grallaria_flavotincta",3
"Grallaria_hypoleuca",3
"Grallaria_przewalskii",3
"Grallaria_capitalis",3
"Grallaria_erythroleuca",3
"Grallaria_rufula",3
"Grallaria_blakei",3
"Grallaria_quitensis",3
"Grallaria_milleri",3
"Grallaria_erythrotis",3
"Hylopezus_perspicillatus",3
"Hylopezus_macularius",3
"Hylopezus_dives",3
"Hylopezus_fulviventris",3
"Hylopezus_berlepschi",3
"Hylopezus_ochroleucus",3
"Hylopezus_nattereri",3
"Myrmothera_campanisona",3
"Myrmothera_simplex",3
"Grallaricula_flavirostris",3
"Grallaricula_loricata",3
"Grallaricula_peruviana",3
"Grallaricula_ochraceifrons",3
"Grallaricula_ferrugineipectus",3
"Grallaricula_nana",3
"Grallaricula_lineifrons",3
"Conopophaga_lineata",3
"Conopophaga_aurita",3
"Conopophaga_roberti",3
"Conopophaga_peruviana",3
"Conopophaga_ardesiaca",3
"Conopophaga_castaneiceps",3
"Conopophaga_melanops",3
"Conopophaga_melanogaster",3
"Pittasoma_michleri",3
"Pittasoma_rufopileatum",3
"Acropternis_orthonyx",3
"Pteroptochos_castaneus",3
"Pteroptochos_tarnii",3
"Pteroptochos_megapodius",3
"Scelorchilus_albicollis",3
"Scelorchilus_rubecula",3
"Rhinocrypta_lanceolata",3
"Teledromas_fuscus",3
"Liosceles_thoracicus",3
"Psilorhamphus_guttatus",3
"Merulaxis_ater",3
"Merulaxis_stresemanni",3
"Eugralla_paradoxa",3
"Myornis_senilis",3
"Eleoscytalopus_indigoticus",3
"Eleoscytalopus_psychopompus",3
"Scytalopus_speluncae",3
"Scytalopus_novacapitalis",3
"Scytalopus_bolivianus",3
"Scytalopus_atratus",3
"Scytalopus_sanctaemartae",3
"Scytalopus_femoralis",3
"Scytalopus_micropterus",3
"Scytalopus_vicinior",3
"Scytalopus_robbinsi",3
"Scytalopus_chocoensis",3
"Scytalopus_panamensis",3
"Scytalopus_argentifrons",3
"Scytalopus_caracae",3
"Scytalopus_meridanus",3
"Scytalopus_latebricola",3
"Scytalopus_spillmanni",3
"Scytalopus_parkeri",3
"Scytalopus_parvirostris",3
"Scytalopus_acutirostris",3
"Scytalopus_unicolor",3
"Scytalopus_griseicollis",3
"Scytalopus_canus",3
"Scytalopus_affinis",3
"Scytalopus_altirostris",3
"Scytalopus_urubambae",3
"Scytalopus_schulenbergi",3
"Scytalopus_zimmeri",3
"Scytalopus_superciliaris",3
"Scytalopus_magellanicus",3
"Scytalopus_fuscus",3
"Scytalopus_macropus",3
"Melanopareia_torquata",3
"Melanopareia_maximiliani",3
"Melanopareia_maranonica",3
"Melanopareia_elegans",3
"Phyllomyias_fasciatus",3
"Phyllomyias_burmeisteri",3
"Phyllomyias_virescens",3
"Phyllomyias_reiseri",3
"Phyllomyias_urichi",3
"Phyllomyias_sclateri",3
"Phyllomyias_griseocapilla",3
"Phyllomyias_griseiceps",3
"Phyllomyias_plumbeiceps",3
"Phyllomyias_nigrocapillus",3
"Phyllomyias_cinereiceps",3
"Phyllomyias_uropygialis",2
"Tyrannulus_elatus",3
"Myiopagis_gaimardii",2
"Myiopagis_caniceps",3
"Myiopagis_subplacens",3
"Myiopagis_flavivertex",3
"Myiopagis_viridicata",2
"Elaenia_flavogaster",3
"Elaenia_martinica",2
"Elaenia_spectabilis",2
"Elaenia_ridleyana",3
"Elaenia_albiceps",2
"Elaenia_parvirostris",2
"Elaenia_mesoleuca",2
"Elaenia_strepera",2
"Elaenia_gigas",2
"Elaenia_pelzelni",3
"Elaenia_cristata",2
"Elaenia_chiriquensis",2
"Elaenia_ruficeps",2
"Elaenia_frantzii",2
"Elaenia_obscura",2
"Elaenia_dayi",3
"Elaenia_pallatangae",2
"Elaenia_fallax",2
"Ornithion_semiflavum",3
"Ornithion_brunneicapillus",3
"Ornithion_inerme",3
"Camptostoma_imberbe",2
"Camptostoma_obsoletum",2
"Suiriri_suiriri",3
"Mecocerculus_leucophrys",3
"Mecocerculus_poecilocercus",3
"Mecocerculus_hellmayri",3
"Mecocerculus_calopterus",3
"Mecocerculus_minor",3
"Mecocerculus_stictopterus",3
"Anairetes_nigrocristatus",3
"Anairetes_reguloides",3
"Anairetes_alpinus",3
"Anairetes_flavirostris",3
"Anairetes_parulus",3
"Anairetes_fernandezianus",3
"Anairetes_agilis",3
"Anairetes_agraphia",3
"Serpophaga_cinerea",3
"Serpophaga_hypoleuca",3
"Serpophaga_nigricans",3
"Serpophaga_subcristata",2
"Serpophaga_munda",2
"Phaeomyias_murina",2
"Capsiempis_flaveola",3
"Polystictus_pectoralis",2
"Polystictus_superciliaris",2
"Nesotriccus_ridgwayi",3
"Pseudocolopteryx_dinelliana",2
"Pseudocolopteryx_sclateri",2
"Pseudocolopteryx_acutipennis",2
"Pseudocolopteryx_flaviventris",2
"Pseudotriccus_pelzelni",3
"Pseudotriccus_simplex",3
"Pseudotriccus_ruficeps",3
"Corythopis_torquatus",3
"Corythopis_delalandi",3
"Euscarthmus_meloryphus",3
"Euscarthmus_rufomarginatus",3
"Pseudelaenia_leucospodia",3
"Stigmatura_napensis",3
"Stigmatura_budytoides",3
"Zimmerius_vilissimus",2
"Zimmerius_bolivianus",3
"Zimmerius_cinereicapilla",3
"Zimmerius_gracilipes",3
"Zimmerius_chrysops",3
"Zimmerius_viridiflavus",3
"Phylloscartes_poecilotis",3
"Phylloscartes_chapmani",3
"Phylloscartes_ophthalmicus",3
"Phylloscartes_orbitalis",3
"Phylloscartes_venezuelanus",3
"Phylloscartes_lanyoni",3
"Phylloscartes_eximius",3
"Phylloscartes_ventralis",3
"Phylloscartes_ceciliae",3
"Phylloscartes_kronei",3
"Phylloscartes_beckeri",3
"Phylloscartes_flavovirens",3
"Phylloscartes_virescens",3
"Phylloscartes_gualaquizae",3
"Phylloscartes_nigrifrons",3
"Phylloscartes_superciliaris",3
"Phylloscartes_roquettei",3
"Phylloscartes_paulista",3
"Phylloscartes_oustaleti",3
"Phylloscartes_difficilis",3
"Phylloscartes_sylviolus",3
"Mionectes_striaticollis",1
"Mionectes_olivaceus",1
"Mionectes_oleagineus",1
"Mionectes_macconnelli",1
"Mionectes_rufiventris",1
"Leptopogon_amaurocephalus",3
"Leptopogon_superciliaris",3
"Leptopogon_rufipectus",3
"Leptopogon_taczanowskii",3
"Sublegatus_arenarum",3
"Sublegatus_obscurior",3
"Sublegatus_modestus",2
"Inezia_tenuirostris",3
"Inezia_inornata",2
"Inezia_subflava",3
"Myiophobus_flavicans",3
"Myiophobus_phoenicomitra",3
"Myiophobus_inornatus",3
"Myiophobus_roraimae",3
"Myiophobus_pulcher",3
"Myiophobus_lintoni",3
"Myiophobus_ochraceiventris",3
"Myiophobus_cryptoxanthus",3
"Myiophobus_fasciatus",3
"Myiotriccus_ornatus",3
"Tachuris_rubrigastra",3
"Culicivora_caudacuta",2
"Hemitriccus_diops",3
"Hemitriccus_obsoletus",3
"Hemitriccus_flammulatus",3
"Hemitriccus_minor",3
"Hemitriccus_spodiops",3
"Hemitriccus_josephinae",3
"Hemitriccus_zosterops",3
"Hemitriccus_minimus",3
"Hemitriccus_orbitatus",3
"Hemitriccus_iohannis",3
"Hemitriccus_striaticollis",3
"Hemitriccus_nidipendulus",3
"Hemitriccus_margaritaceiventer",3
"Hemitriccus_inornatus",3
"Hemitriccus_granadensis",3
"Hemitriccus_mirandae",3
"Hemitriccus_cinnamomeipectus",3
"Hemitriccus_kaempferi",3
"Hemitriccus_rufigularis",3
"Hemitriccus_furcatus",3
"Myiornis_auricularis",3
"Myiornis_albiventris",3
"Myiornis_atricapillus",3
"Myiornis_ecaudatus",3
"Oncostoma_cinereigulare",3
"Oncostoma_olivaceum",3
"Lophotriccus_pileatus",3
"Lophotriccus_eulophotes",3
"Lophotriccus_vitiosus",3
"Lophotriccus_galeatus",3
"Atalotriccus_pilaris",3
"Poecilotriccus_ruficeps",3
"Poecilotriccus_albifacies",3
"Poecilotriccus_capitalis",3
"Poecilotriccus_senex",3
"Poecilotriccus_russatus",3
"Poecilotriccus_plumbeiceps",3
"Poecilotriccus_fumifrons",3
"Poecilotriccus_latirostris",3
"Poecilotriccus_sylvia",3
"Poecilotriccus_calopterus",3
"Poecilotriccus_pulchellus",3
"Taeniotriccus_andrei",3
"Todirostrum_maculatum",3
"Todirostrum_poliocephalum",3
"Todirostrum_cinereum",3
"Todirostrum_viridanum",3
"Todirostrum_pictum",3
"Todirostrum_chrysocrotaphum",3
"Todirostrum_nigriceps",3
"Cnipodectes_subbrunneus",1
"Rhynchocyclus_brevirostris",3
"Rhynchocyclus_olivaceus",3
"Rhynchocyclus_pacificus",3
"Rhynchocyclus_fulvipectus",3
"Tolmomyias_sulphurescens",3
"Tolmomyias_assimilis",3
"Tolmomyias_poliocephalus",3
"Tolmomyias_flaviventris",3
"Platyrinchus_saturatus",3
"Platyrinchus_cancrominus",3
"Platyrinchus_mystaceus",2
"Platyrinchus_coronatus",2
"Platyrinchus_flavigularis",3
"Platyrinchus_platyrhynchos",3
"Platyrinchus_leucoryphus",3
"Onychorhynchus_occidentalis",3
"Myiobius_villosus",3
"Myiobius_barbatus",3
"Myiobius_atricaudus",3
"Terenotriccus_erythrurus",3
"Neopipo_cinnamomea",2
"Pyrrhomyias_cinnamomeus",3
"Hirundinea_ferruginea",3
"Lathrotriccus_euleri",2
"Lathrotriccus_griseipectus",2
"Aphanotriccus_capitalis",3
"Aphanotriccus_audax",3
"Cnemotriccus_fuscatus",3
"Xenotriccus_callizonus",2
"Xenotriccus_mexicanus",2
"Sayornis_phoebe",3
"Sayornis_nigricans",3
"Sayornis_saya",3
"Mitrephanes_phaeocercus",3
"Mitrephanes_olivaceus",3
"Contopus_cooperi",2
"Contopus_pertinax",3
"Contopus_lugubris",3
"Contopus_fumigatus",3
"Contopus_ochraceus",3
"Contopus_sordidulus",2
"Contopus_virens",2
"Contopus_cinereus",3
"Contopus_albogularis",3
"Contopus_nigrescens",3
"Contopus_caribaeus",3
"Contopus_hispaniolensis",3
"Contopus_pallidus",3
"Contopus_latirostris",3
"Empidonax_flaviventris",3
"Empidonax_virescens",3
"Empidonax_traillii",2
"Empidonax_alnorum",2
"Empidonax_albigularis",2
"Empidonax_minimus",2
"Empidonax_hammondii",2
"Empidonax_oberholseri",2
"Empidonax_wrightii",2
"Empidonax_affinis",2
"Empidonax_difficilis",2
"Empidonax_occidentalis",2
"Empidonax_flavescens",2
"Empidonax_fulvifrons",2
"Empidonax_atriceps",2
"Pyrocephalus_rubinus",2
"Lessonia_rufa",2
"Lessonia_oreas",2
"Knipolegus_striaticeps",2
"Knipolegus_hudsoni",2
"Knipolegus_poecilocercus",2
"Knipolegus_signatus",2
"Knipolegus_cyanirostris",2
"Knipolegus_poecilurus",2
"Knipolegus_orenocensis",2
"Knipolegus_aterrimus",2
"Knipolegus_lophotes",2
"Knipolegus_nigerrimus",2
"Hymenops_perspicillatus",2
"Ochthornis_littoralis",3
"Satrapa_icterophrys",2
"Muscisaxicola_fluviatilis",3
"Muscisaxicola_maculirostris",3
"Muscisaxicola_juninensis",2
"Muscisaxicola_cinereus",2
"Muscisaxicola_albifrons",2
"Muscisaxicola_flavinucha",2
"Muscisaxicola_rufivertex",2
"Muscisaxicola_maclovianus",2
"Muscisaxicola_albilora",2
"Muscisaxicola_alpinus",2
"Muscisaxicola_capistratus",2
"Muscisaxicola_frontalis",2
"Agriornis_montanus",3
"Agriornis_albicauda",3
"Agriornis_lividus",2
"Agriornis_micropterus",3
"Agriornis_murinus",2
"Xolmis_pyrope",3
"Xolmis_cinereus",3
"Xolmis_coronatus",3
"Xolmis_velatus",3
"Xolmis_irupero",3
"Xolmis_rubetra",3
"Xolmis_dominicanus",3
"Myiotheretes_striaticollis",3
"Myiotheretes_pernix",3
"Myiotheretes_fumigatus",3
"Myiotheretes_fuscorufus",3
"Cnemarchus_erythropygius",3
"Polioxolmis_rufipennis",3
"Neoxolmis_rufiventris",2
"Gubernetes_yetapa",2
"Muscipipra_vetula",2
"Fluvicola_pica",2
"Fluvicola_albiventer",2
"Fluvicola_nengeta",2
"Arundinicola_leucocephala",3
"Alectrurus_tricolor",2
"Alectrurus_risora",2
"Tumbezia_salvini",2
"Ochthoeca_frontalis",3
"Ochthoeca_pulchella",3
"Ochthoeca_diadema",3
"Ochthoeca_jelskii",3
"Ochthoeca_cinnamomeiventris",3
"Ochthoeca_rufipectoralis",3
"Ochthoeca_fumicolor",3
"Ochthoeca_oenanthoides",3
"Ochthoeca_leucophrys",3
"Ochthoeca_piurae",3
"Colorhamphus_parvirostris",2
"Colonia_colonus",2
"Muscigralla_brevicauda",2
"Machetornis_rixosa",3
"Legatus_leucophaius",2
"Phelpsia_inornatus",3
"Myiozetetes_cayanensis",3
"Myiozetetes_similis",3
"Myiozetetes_granadensis",3
"Myiozetetes_luteiventris",3
"Pitangus_sulphuratus",3
"Pitangus_lictor",3
"Conopias_albovittatus",3
"Conopias_parvus",3
"Conopias_trivirgatus",3
"Conopias_cinchoneti",3
"Myiodynastes_hemichrysus",3
"Myiodynastes_chrysocephalus",3
"Myiodynastes_bairdii",3
"Myiodynastes_luteiventris",2
"Myiodynastes_maculatus",2
"Megarynchus_pitangua",3
"Tyrannopsis_sulphurea",3
"Empidonomus_varius",2
"Empidonomus_aurantioatrocristatus",2
"Tyrannus_niveigularis",3
"Tyrannus_albogularis",3
"Tyrannus_melancholicus",3
"Tyrannus_couchii",3
"Tyrannus_vociferans",3
"Tyrannus_crassirostris",3
"Tyrannus_verticalis",3
"Tyrannus_forficatus",3
"Tyrannus_savana",3
"Tyrannus_tyrannus",3
"Tyrannus_dominicensis",3
"Tyrannus_cubensis",3
"Tyrannus_caudifasciatus",3
"Rhytipterna_simplex",3
"Rhytipterna_immunda",3
"Rhytipterna_holerythra",3
"Sirystes_sibilator",3
"Casiornis_rufus",2
"Casiornis_fuscus",3
"Myiarchus_semirufus",3
"Myiarchus_yucatanensis",3
"Myiarchus_barbirostris",3
"Myiarchus_tuberculifer",3
"Myiarchus_swainsoni",2
"Myiarchus_venezuelensis",3
"Myiarchus_panamensis",3
"Myiarchus_ferox",3
"Myiarchus_apicalis",3
"Myiarchus_cephalotes",3
"Myiarchus_phaeocephalus",3
"Myiarchus_cinerascens",2
"Myiarchus_nuttingi",2
"Myiarchus_crinitus",2
"Myiarchus_tyrannulus",2
"Myiarchus_magnirostris",3
"Myiarchus_nugator",3
"Myiarchus_validus",3
"Myiarchus_sagrae",3
"Myiarchus_stolidus",3
"Myiarchus_antillarum",3
"Myiarchus_oberi",3
"Deltarhynchus_flammulatus",3
"Ramphotrigon_megacephalum",2
"Ramphotrigon_ruficauda",3
"Ramphotrigon_fuscicauda",3
"Attila_phoenicurus",2
"Attila_cinnamomeus",2
"Attila_torridus",2
"Attila_citriniventris",2
"Attila_bolivianus",2
"Attila_rufus",2
"Attila_spadiceus",2
"Oxyruncus_cristatus",1
"Ampelion_rubrocristatus",3
"Ampelion_rufaxilla",3
"Zaratornis_stresemanni",3
"Doliornis_remseni",3
"Doliornis_sclateri",3
"Phytotoma_raimondii",3
"Phytotoma_rutila",3
"Phytotoma_rara",3
"Carpornis_cucullata",3
"Carpornis_melanocephala",3
"Pipreola_riefferii",3
"Pipreola_intermedia",3
"Pipreola_arcuata",3
"Pipreola_aureopectus",3
"Pipreola_jucunda",3
"Pipreola_lubomirskii",3
"Pipreola_pulchra",3
"Pipreola_frontalis",3
"Pipreola_chlorolepidota",3
"Pipreola_formosa",3
"Pipreola_whitelyi",3
"Ampelioides_tschudii",3
"Rupicola_rupicola",1
"Rupicola_peruvianus",1
"Phoenicircus_carnifex",1
"Phoenicircus_nigricollis",1
"Cotinga_amabilis",1
"Cotinga_ridgwayi",1
"Cotinga_nattererii",1
"Cotinga_maynana",1
"Cotinga_cotinga",1
"Cotinga_maculata",1
"Cotinga_cayana",1
"Procnias_tricarunculatus",1
"Procnias_albus",1
"Procnias_averano",1
"Procnias_nudicollis",1
"Tijuca_atra",1
"Tijuca_condita",1
"Lipaugus_fuscocinereus",1
"Lipaugus_uropygialis",1
"Lipaugus_unirufus",1
"Lipaugus_vociferans",1
"Lipaugus_lanioides",1
"Lipaugus_streptophorus",1
"Conioptilon_mcilhennyi",3
"Snowornis_subalaris",1
"Snowornis_cryptolophus",1
"Porphyrolaema_porphyrolaema",1
"Xipholena_punicea",1
"Xipholena_lamellipennis",1
"Xipholena_atropurpurea",1
"Carpodectes_hopkei",1
"Carpodectes_nitidus",1
"Carpodectes_antoniae",1
"Gymnoderus_foetidus",1
"Querula_purpurata",3
"Haematoderus_militaris",1
"Pyroderus_scutatus",1
"Perissocephalus_tricolor",1
"Cephalopterus_glabricollis",1
"Cephalopterus_ornatus",1
"Cephalopterus_penduliger",1
"Neopelma_chrysocephalum",1
"Neopelma_sulphureiventer",1
"Neopelma_pallescens",1
"Neopelma_aurifrons",1
"Neopelma_chrysolophum",1
"Tyranneutes_stolzmanni",1
"Tyranneutes_virescens",1
"Ilicura_militaris",1
"Masius_chrysopterus",1
"Corapipo_gutturalis",1
"Corapipo_leucorrhoa",1
"Machaeropterus_deliciosus",1
"Machaeropterus_regulus",1
"Machaeropterus_pyrocephalus",1
"Lepidothrix_coronata",1
"Lepidothrix_isidorei",1
"Lepidothrix_coeruleocapilla",1
"Lepidothrix_nattereri",1
"Lepidothrix_vilasboasi",1
"Lepidothrix_iris",1
"Lepidothrix_serena",1
"Lepidothrix_suavissima",1
"Manacus_manacus",1
"Manacus_candei",1
"Manacus_vitellinus",1
"Manacus_aurantiacus",1
"Antilophia_galeata",1
"Chiroxiphia_linearis",1
"Chiroxiphia_lanceolata",1
"Chiroxiphia_pareola",1
"Chiroxiphia_boliviana",1
"Chiroxiphia_caudata",1
"Xenopipo_holochlora",1
"Xenopipo_flavicapilla",1
"Xenopipo_unicolor",1
"Xenopipo_uniformis",1
"Xenopipo_atronitens",1
"Heterocercus_aurantiivertex",1
"Heterocercus_flavivertex",1
"Heterocercus_linteatus",1
"Pipra_pipra",1
"Pipra_aureola",1
"Pipra_filicauda",1
"Pipra_fasciicauda",1
"Pipra_cornuta",1
"Pipra_mentalis",1
"Pipra_chloromeros",1
"Pipra_erythrocephala",1
"Pipra_rubrocapilla",1
"Tityra_inquisitor",3
"Tityra_cayana",3
"Tityra_semifasciata",3
"Schiffornis_major",1
"Schiffornis_turdina",1
"Schiffornis_virescens",1
"Laniocera_rufescens",1
"Laniocera_hypopyrra",1
"Iodopleura_pipra",3
"Iodopleura_fusca",3
"Iodopleura_isabellae",3
"Laniisoma_elegans",1
"Xenopsaris_albinucha",2
"Pachyramphus_viridis",3
"Pachyramphus_versicolor",3
"Pachyramphus_spodiurus",3
"Pachyramphus_rufus",3
"Pachyramphus_castaneus",3
"Pachyramphus_cinnamomeus",3
"Pachyramphus_polychopterus",3
"Pachyramphus_marginatus",3
"Pachyramphus_albogriseus",3
"Pachyramphus_major",2
"Pachyramphus_surinamus",3
"Pachyramphus_homochrous",3
"Pachyramphus_minor",3
"Pachyramphus_validus",2
"Pachyramphus_aglaiae",3
"Pachyramphus_niger",3
"Phibalura_flavirostris",2
"Piprites_griseiceps",3
"Piprites_chloris",3
"Piprites_pileata",3
"Calyptura_cristata",2
